model,precision_percent,recall_percent,map50_percent,map50_95_percent
Original model,64.66281800590191,60.49065373092715,64.50026919018836,48.26154882624081
Defended model,65.61781829151886,58.38246746458997,64.1379852002783,47.31072677274916
